Cleaned_Text,Label
y r u always l to the meetings,0.0
the project team embraced a usercentric design approach for product development,1.0
i dont like dealing with risks its too stressful,0.0
i dont worry about reliability its good enough,0.0
i dont care about humancentered design just give me the final product,0.0
the studys methodology ensured a representative sample across demographics,1.0
i dont care about industry practices just give me the solution,0.0
the project team documented all processes for transparency,1.0
the project team maintained open lines of communication,1.0
the findings are consistent with existing theoretical frameworks,1.0
i dont like inclusive decisionmaking its too slow,0.0
the results are presented in a logically organized manner,1.0
the research findings have practical implications for industry professionals,1.0
i dont talk about limitations it makes me look bad,0.0
the research methodology incorporated a multimethod approach for comprehensive data,1.0
i dont care about participant responses just give me the data,0.0
the studys limitations are openly acknowledged recognizing study boundaries,1.0
the studys limitations are openly discussed recognizing potential shortcomings,1.0
i dont like solving problems its too much effort,0.0
i dont care about skill development its irrelevant,0.0
the research findings contribute to the theoretical foundation of the field,1.0
the project team maintained a collaborative and inclusive decisionmaking process,1.0
i dont worry about bias its unavoidable,0.0
i prefer working alone teamwork is too complicated,0.0
the study of behavioral economics examines the psychological factors influencing economic decisions,1.0
lol ur jokes r so lame,0.0
the project team prioritized transparent communication with stakeholders,1.0
in environmental science the impact of deforestation on biodiversity is a critical concern,1.0
the research design accounts for potential confounding variables,1.0
in the field of robotics biomimicry leads to the development of more efficient robots,1.0
i dont like solving problems its too much effort,0.0
i dont talk about limitations it makes me look bad,0.0
the project team adhered to the project timeline,1.0
i dont worry about accuracy its good enough,0.0
its important to cite sources properly in academic writing,1.0
the project team utilized feedback to enhance the project deliverables,1.0
i dont care about psychological factors just give me the data,0.0
the studys limitations are openly discussed addressing potential biases,1.0
i dont understand machine learning just give me the conclusion,0.0
the project team displayed creativity in problemsolving,1.0
the project team maintained a high level of accuracy in data entry,1.0
i dont like continuous feedback its too repetitive,0.0
the studys limitations are transparently presented acknowledging potential challenges,1.0
i dont like open communication its too timeconsuming,0.0
i dont care about internal validity its too technical,0.0
i prefer to follow leadership is too much responsibility,0.0
in automotive design aerodynamics play a crucial role in improving fuel efficiency,1.0
ur not gon na believe what happened in class today,0.0
y r u always l to the meetings,0.0
the results are presented in a visually appealing and clear manner,1.0
the research methodology ensures data validity through robust statistical checks,1.0
the analysis revealed statistically significant correlations,1.0
the project team exhibited a high level of professionalism,1.0
i dont pay attention to details they slow me down,0.0
i dont like collaborative knowledgesharing its too timeconsuming,0.0
i dont care about biofuels just give me the data,0.0
i dont care about response rates its not important,0.0
the automotive industry is exploring selfdriving technology for safer transportation,1.0
the analysis considered potential correlations between variables for deeper understanding,1.0
the research design accounts for potential bias in data collection,1.0
i dont need realworld problems just give me the solution,0.0
the analysis employed rigorous statistical controls for data accuracy,1.0
i collect data randomly its faster,0.0
the studys methodology minimizes the potential for sampling bias,1.0
i dont like talking to people communication is overrated,0.0
i dont worry about reliability its good enough,0.0
the research methodology ensures the reliability of the study,1.0
i dont care about crispr technology just give me the data,0.0
this is a wellstructured sentence,1.0
the project team utilized data encryption techniques to ensure participant privacy,1.0
u know wat im talkin abt right,0.0
i dont worry about accuracy its good enough,0.0
i dont talk about limitations it makes me look bad,0.0
i dont like data visualization its unnecessary,0.0
i dont have time to consider alternatives just tell me what to do,0.0
the project team maintained an agile mindset for adaptability to changing requirements,1.0
the analysis employed machine learning algorithms for predictive modeling accuracy,1.0
the project team utilized industry best practices for quality assurance,1.0
the data analysis revealed statistically significant correlations,1.0
im gon na skip class today who cares,0.0
i dont like deadlines they stress me out,0.0
i dont like cloudbased tools theyre too complex,0.0
i dont like agile approaches theyre too unpredictable,0.0
the study of psychology sheds light on the complexities of human behavior and cognition,1.0
i dont like dealing with risks its too stressful,0.0
the survey instrument underwent rigorous validation procedures,1.0
machine learning algorithms have various applications,1.0
the research methodology ensured participant anonymity and confidentiality,1.0
i dont validate surveys it takes too much time,0.0
i dont need to read the conclusion just tell me the answer,0.0
the data analysis revealed statistically significant correlations,1.0
the project team maintained a positive team dynamic throughout,1.0
the project team maintained open communication throughout,1.0
the project team demonstrated adaptability in changing circumstances,1.0
the project team maintained open communication throughout,1.0
the survey questions were carefully crafted for reliability,1.0
the findings contribute to evidencebased practices in the relevant field,1.0
the project team exhibited adaptability in changing circumstances,1.0
the findings contribute to evidencebased decisionmaking in practical settings,1.0
the research question is designed to address gaps in existing theoretical frameworks,1.0
the research design accounted for variations in participant demographics,1.0
i dont validate data its a waste of time,0.0
i dont understand advanced statistics just give me the conclusion,0.0
the project team maintained consistent and transparent communication with clients,1.0
the project team maintained regular retrospectives for process improvement,1.0
the theoretical framework provides a conceptual basis for the study,1.0
the project team efficiently managed project resources,1.0
i prefer to follow leadership is too much responsibility,0.0
the project team displayed creativity in problemsolving,1.0
the research findings are applicable to realworld scenarios,1.0
i dont care about quantum entanglement just get the job done,0.0
i dont care about bias just give me the conclusion,0.0
the literature review provides a comprehensive overview,1.0
the survey response rate was high ensuring data validity,1.0
i dont care about employee wellbeing just get the work done,0.0
the professors lectures are informative and engaging,1.0
i dont care about d printing just give me the results,0.0
the analysis includes robust statistical tests for data validation,1.0
the project team prioritized crossfunctional training to enhance skill sets,1.0
the project team maintained an open feedback culture for continuous improvement,1.0
i prefer working alone teamwork is too complicated,0.0
i prefer working alone collaboration is too complicated,0.0
i dont care about internal validity its too technical,0.0
i dont care about bias its unavoidable,0.0
the research methodology considered the ethical implications of data collection,1.0
i dont like inclusive decisionmaking its too slow,0.0
augmented reality is enhancing user experiences in various fields from education to healthcare,1.0
the data analysis revealed unexpected patterns in the data,1.0
i dont care about industry trends they change too quickly,0.0
the analysis includes robust statistical tests for data validation,1.0
the integration of renewable energy grids is a key step toward sustainable power systems,1.0
thx for ur help it was gr,0.0
i dont care about industry trends they change too quickly,0.0
the project team embraced an iterative development process for product enhancement,1.0
the project team demonstrated strong leadership skills,1.0
i dont care about hydrogen fuel cells just give me the data,0.0
i dont get y we have to control for variables its too much work,0.0
i dont care about internal validity its too technical,0.0
the team successfully implemented the new software,1.0
the studys limitations are openly discussed acknowledging potential biases,1.0
the research methodology ensured participant anonymity through coded identifiers,1.0
i dont care about professional development its irrelevant,0.0
i dont care about users just give me the final product,0.0
the research aligns with current trends in the industry,1.0
the project team prioritized user feedback for product improvement,1.0
the studys limitations are acknowledged with humility,1.0
i dont care about usercentric design just give me the final product,0.0
i dont care about diversity and inclusion just get the job done,0.0
i didnt read the assignment can u give me a summary,0.0
i dont see the point of context just give me the answer,0.0
this research significantly advances our understanding of the topic,1.0
i dont see the point of research questions just do the work,0.0
the analysis considered potential cultural biases in data interpretation,1.0
i dont need novel insights just practical solutions,0.0
i dont see the point of research questions just do the work,0.0
i dont care about controls just give me the results,0.0
the project team demonstrated attention to detail in every phase,1.0
i dont see the point of objectives just give me the answer,0.0
the data collection process was systematic and thorough,1.0
i dont care about user feedback they dont know what they want,0.0
i dont like using technology its confusing,0.0
i dont worry about external validity its too technical,0.0
the data collection process was systematic and thorough,1.0
i dont worry about bias its unavoidable,0.0
the survey instrument underwent rigorous validation procedures,1.0
i dont like clear documentation its too repetitive,0.0
i dont care about participant biases just give me the results,0.0
i dont pay attention to details they slow me down,0.0
the project team utilized iterative development for continuous improvement,1.0
the findings provide practical implications for realworld applications,1.0
i dont like theory just give me what works,0.0
virtual reality is revolutionizing the gaming industry providing immersive experiences,1.0
the findings contribute to the ongoing discourse within the academic community,1.0
the data collection process was systematic and thorough,1.0
i dont see the point of research questions just do the work,0.0
the data analysis employed advanced statistical techniques for accurate interpretation,1.0
i dont care about physics its too complicated,0.0
the project team embraced an agile project management approach for flexibility,1.0
the project team maintained transparency in reporting progress to stakeholders,1.0
i dont like communicating its a waste of time,0.0
the research findings are generalizable to a broader population,1.0
i dont understand methodologies just get it done,0.0
i dont see the point of research questions just do the work,0.0
i dont like retrospectives theyre too timeconsuming,0.0
i avoid conflicts they stress me out,0.0
i dont like flexible timelines its too unpredictable,0.0
i dont like managing expectations its too much responsibility,0.0
i dont know how to write an abstract can u do it for me,0.0
i dont care about organization just give me the numbers,0.0
i dont talk about limitations it makes me look bad,0.0
i dont care about visuals just give me the numbers,0.0
i prefer working alone teamwork is too complicated,0.0
i dont care about psychology just give me the results,0.0
i dont care about bias data is data,0.0
the project team demonstrated attention to detail in every phase,1.0
the project team demonstrated adaptability in response to client feedback,1.0
the project team maintained a proactive approach to team conflict resolution,1.0
i dont care about systematic bias just give me the conclusion,0.0
the research question is framed to address current challenges in the field,1.0
i dont need practical applications just give me the theory,0.0
the research design ensures data reliability through consistent measurement protocols,1.0
i dont care about ongoing discourse its too academic,0.0
the discussion section interprets the findings in context,1.0
i dont like documenting processes its too tedious,0.0
the project team prioritized user feedback for product improvement,1.0
i dont need practical issues just give me the solution,0.0
i dont worry about reliability its good enough,0.0
i dont talk about limitations it makes me look bad,0.0
i dont care about implications just give me the results,0.0
why do we even have to write papers,0.0
i dont care about coding standards my code works,0.0
i dont like theory just give me what works,0.0
i dont need practical implications just tell me what to do,0.0
the studys design considers ethical considerations in data collection,1.0
the project team maintained a clear and concise project communication strategy,1.0
the studys limitations are transparently acknowledged in the discussion,1.0
i dont pay attention to details they slow me down,0.0
i dont talk about limitations it makes me look bad,0.0
i dont care about environmental factors just give me the data,0.0
i dont like inclusive decisionmaking its too slow,0.0
i dont care about academic dialogue its too theoretical,0.0
i dont have time for stepbystep guides just tell me the answer,0.0
i dont like clear reporting its too repetitive,0.0
i dont care about biases just give me the conclusion,0.0
i dont like transparent communication its too vulnerable,0.0
the discussion section explores alternative interpretations,1.0
in materials science the discovery of new superconductors holds promise for various applications,1.0
the research design minimizes the risk of internal validity threats,1.0
the research question is situated within a broader context,1.0
i dont like dealing with risks its too stressful,0.0
i dont like communicating its a waste of time,0.0
i avoid conflicts they stress me out,0.0
the studys findings contribute to the ongoing discourse in the field,1.0
i dont worry about reliability its good enough,0.0
i dont understand y we have to do group projects,0.0
i dont care about biases just give me the conclusion,0.0
i dont worry about accuracy its good enough,0.0
i dont like theory just give me what works,0.0
the findings have practical implications for realworld applications,1.0
i dont like reading its a waste of time,0.0
the project team leveraged technology to streamline project processes,1.0
the project team maintained a proactive approach to problem identification,1.0
i dont think exams r a good way to evaluate,0.0
programming languages play a crucial role in software development,1.0
the research question is situated within a broader context,1.0
i dont like communicating goals its a waste of time,0.0
i dont see the point of professionalism its overrated,0.0
i dont care about external factors just give me the main results,0.0
i dont understand statistics just give me the answer,0.0
the analysis considered the correlation between social media usage and mental health,1.0
the findings contribute to the ongoing discourse within the academic community,1.0
the data analysis revealed unexpected patterns in the data,1.0
the studys methodology utilized a mixedmethods approach for comprehensive insights,1.0
artificial intelligence is a fascinating field,1.0
i dont care about marine biology just give me the results,0.0
i dont need practical implications just tell me what to do,0.0
i dont need realworld problems just give me the solution,0.0
the project team embraced a collaborative approach to problemsolving,1.0
the integration of artificial intelligence in healthcare enhances diagnostics and treatment,1.0
the coding standards were followed in the software development,1.0
i dont manage resources its too much effort,0.0
i dont see the point of research questions just do the work,0.0
the research question examined the effectiveness of personalized learning in education,1.0
i dont care about mixedmethods approaches just give me the results,0.0
i dont like surprises just give me the expected results,0.0
the analysis explores potential alternative interpretations,1.0
the study contributes novel insights to the field,1.0
i dont get y we have to worry about confounding variables,0.0
i dont care about biomimicry just give me the data,0.0
the study explores the interplay between variables in the model,1.0
i dont care about methodologies just give me the results,0.0
the project team demonstrated effective time management,1.0
the analysis considered potential biases introduced during participant recruitment,1.0
the research question is situated within a broader context,1.0
i dont like changing client requirements its too disruptive,0.0
the study explored the intersection of multiple variables,1.0
i dont talk about limitations it makes me look bad,0.0
the research question is clearly defined and researchable,1.0
i dont care about software as long as it gets the job done,0.0
the project was completed within the allocated budget,1.0
i dont care about confounding variables just give me the results,0.0
the findings contribute valuable insights to emerging trends within the field,1.0
the project team demonstrated flexibility in adapting to changing requirements,1.0
the project team maintained open communication throughout,1.0
i dont manage resources its too much effort,0.0
i dont care about demographics just give me the data,0.0
the analysis considered potential biases in data interpretation,1.0
i dont like change it disrupts my routine,0.0
the project team demonstrated effective risk management,1.0
the findings contribute to evidencebased decisionmaking in realworld scenarios,1.0
the study contributes to the existing body of knowledge,1.0
i dont care about industry trends they change too quickly,0.0
i dont care about industry knowledge just give me the solution,0.0
i dont like communicating progress its a waste of time,0.0
i dont care about organizational culture just give me the data,0.0
i dont care about electric cars just give me the results,0.0
the project team implemented a datadriven marketing strategy for better targeting,1.0
the studys methodology ensures replicability by future researchers,1.0
the project team leveraged virtual reality for immersive training experiences,1.0
the research design minimizes the risk of internal validity threats,1.0
the project team embraced a culture of continuous improvement,1.0
i avoid conflicts they stress me out,0.0
the studys limitations are openly acknowledged recognizing the studys scope,1.0
the studys methodology ensures replicability by future researchers,1.0
the study of black holes in astrophysics unveils mysteries about the nature of spacetime,1.0
the project team maintained a high level of motivation throughout,1.0
the studys methodology considered the influence of cultural factors,1.0
i dont care about academic discourse its too theoretical,0.0
the data analysis employed advanced statistical techniques for accuracy,1.0
i dont care about hyperloop technology just give me the data,0.0
the research question is clearly defined and researchable,1.0
i avoid conflicts they stress me out,0.0
the methodology section provides a stepbystep guide to the study,1.0
i dont like solving problems its too hard,0.0
the data analysis revealed statistically significant correlations,1.0
i dont need practical implications just tell me what to do,0.0
i dont like dealing with cybersecurity its too stressful,0.0
the project team maintained consistent and effective communication channels,1.0
the studys implications for practice are discussed in detail,1.0
i prefer working alone collaboration is too complicated,0.0
i dont worry about privacy its overrated,0.0
the research design considered the potential impact of socioeconomic factors,1.0
the project team exhibited a high level of professionalism,1.0
thx for ur help it was gr,0.0
i dont care about ecofriendly approaches just get the work done,0.0
i dont understand machine learning just give me the results,0.0
i dont care about personalized learning just give me the solution,0.0
the study contributes novel insights to the field,1.0
the research methodology ensures the reliability of the study,1.0
the literature cited section is accurate and complete,1.0
i dont see the point of professionalism its overrated,0.0
the project team maintained an ecofriendly approach to project operations,1.0
i dont like solving problems its too much effort,0.0
the project team maintained a proactive approach to conflict resolution,1.0
i prefer working alone teamwork is too complicated,0.0
u know wat im talkin abt right,0.0
the project team demonstrated effective communication skills,1.0
the project team effectively utilized project management tools,1.0
the research methodology addresses potential threats to external validity,1.0
the research design investigated the role of genetics in susceptibility to diseases,1.0
i dont talk about limitations it makes me look bad,0.0
the project team demonstrated excellent collaboration,1.0
i dont pay attention in class its boring,0.0
i dont care about theory i just want practical stuff,0.0
i dont talk about limitations it makes me look bad,0.0
the research aligns with emerging trends and innovations in the field,1.0
the project team employed innovative strategies for problemsolving,1.0
the methodology section provides a stepbystep guide to the study,1.0
the research methodology ensures the anonymity of participants through coding,1.0
in conclusion the findings support the hypothesis,1.0
i dont like agile approaches theyre too unpredictable,0.0
i dont care about ethics its too restrictive,0.0
i dont like literature reviews theyre too timeconsuming,0.0
i dont like theory just give me practical solutions,0.0
i dont talk about limitations it makes me look bad,0.0
i dont care about selfdriving technology just give me the data,0.0
the project team maintained an inclusive decisionmaking process,1.0
i dont care about datadriven strategies just give me the results,0.0
the references include reputable sources,1.0
i dont care about participant responses just give me the data,0.0
i dont like communicating its a waste of time,0.0
the project team maintained a positive team dynamic throughout,1.0
i dont care about replicability just get it done,0.0
lol ur jokes r so lame,0.0
the research question is designed to address realworld challenges faced by practitioners,1.0
the project team effectively resolved conflicts as they arose,1.0
the study of marine biology reveals the fascinating diversity of life in the oceans,1.0
i dont care about renewable energy just give me the data,0.0
the findings provide practical implications for realworld applications,1.0
the analysis employed advanced statistical techniques for robust results,1.0
the project team demonstrated adaptability in response to client requirements,1.0
the studys methodology ensured data accuracy through thorough validation,1.0
the research question is designed to address current challenges in the field,1.0
the survey questions were crafted to elicit unbiased responses,1.0
i dont talk about limitations it makes me look bad,0.0
the project team demonstrated strong leadership skills,1.0
the findings contribute valuable insights to emerging trends in the field,1.0
i dont like clear communication its too repetitive,0.0
the project team effectively resolved conflicts as they arose,1.0
i dont understand variables just give me the answer,0.0
the research analysis considered potential sources of measurement error,1.0
the exploration of mars is a significant milestone in human space exploration,1.0
i dont understand machine learning just give me the conclusion,0.0
the analysis of the data is thorough and wellexplained,1.0
i dont need novel insights just give me the information,0.0
the project team maintained an inclusive and democratic decisionmaking process,1.0
i dont care about neurobiology its too complicated,0.0
the project team exhibited adaptability in changing circumstances,1.0
i dont care about organization just give me the numbers,0.0
i dont like consistent communication its too repetitive,0.0
i dont talk about limitations it makes me look bad,0.0
the research question is framed to address practical issues faced by industry professionals,1.0
the project team maintained a transparent and accountable decisionmaking process,1.0
i dont worry about reliability its good enough,0.0
his presentation was informative and wellorganized,1.0
the findings are consistent with existing theoretical frameworks,1.0
i dont like continuous improvement its unnecessary,0.0
i dont care about socioeconomic factors just give me the data,0.0
the studys limitations are acknowledged with humility,1.0
i dont care about confounding variables just give me the results,0.0
i dont care about crispr technology just give me the results,0.0
i can provide a detailed analysis of the topic,1.0
the project team leveraged data visualization tools for clear communication,1.0
the analysis includes robust statistical tests for data validation,1.0
the project team consistently met project milestones,1.0
i dont like surprises just give me the expected results,0.0
in quantum physics entanglement remains a fascinating and mysterious phenomenon,1.0
i dont care about the details just give me the answer,0.0
i dont like solving problems its too much effort,0.0
i dont care about ecofriendly initiatives just get the work done,0.0
i dont like changing requirements it disrupts my routine,0.0
i dont pay attention to details they slow me down,0.0
the results are presented in a logically organized manner,1.0
i dont like artificial intelligence its too unpredictable,0.0
i dont care about feedback its subjective,0.0
i dont like change its too much effort,0.0
i dont like theory just give me practical solutions,0.0
i collect data randomly its faster,0.0
the abstract provides a concise summary of the research,1.0
the project team maintained an inclusive approach to decisionmaking processes,1.0
the project team maintained clear documentation of project processes,1.0
i dont like prior research just give me the new information,0.0
i dont have time for stepbystep guides just tell me the answer,0.0
i dont understand y we have to do so much research,0.0
i dont like communicating its a waste of time,0.0
i dont care about sustainable architecture just get the job done,0.0
the development of hyperloop technology promises highspeed efficient transportation,1.0
the research aligns with current trends in the industry,1.0
i dont care about confounding variables just give me the results,0.0
the survey instrument underwent rigorous validation procedures,1.0
i dont like continuous improvement its unnecessary,0.0
the discussion section critically examines study limitations,1.0
i prefer working alone teamwork is too complicated,0.0
the research question is welldefined and focused,1.0
the studys methodology ensures replicability by future researchers,1.0
i prefer working alone collaboration is too complicated,0.0
the project team maintained a positive and inclusive team culture,1.0
i dont understand virtual reality just get the job done,0.0
omg i cant believe u said that,0.0
i dont care about generalizability just give me the results,0.0
the research question is clearly defined and researchable,1.0
the theoretical framework provides a conceptual basis for the study,1.0
the project team prioritized user feedback for product improvement,1.0
the research methodology addresses potential threats to external validity,1.0
i dont like dealing with risks its too stressful,0.0
i dont worry about anonymity its overrated,0.0
i dont have time to consider alternatives just tell me what to do,0.0
the project team maintained a positive team dynamic throughout,1.0
the studys methodology prioritized participant confidentiality and anonymity,1.0
i dont talk about limitations it makes me look bad,0.0
the research question is situated within a broader context,1.0
i dont care about nanomaterials just give me the results,0.0
the data analysis software used is widely accepted in the field,1.0
i dont talk about limitations it makes me look bad,0.0
the project team embraced a collaborative and inclusive approach,1.0
i dont need realworld challenges just give me the solution,0.0
the information is accurate and wellresearched,1.0
i dont need realworld problems just give me the answer,0.0
i dont care about scholarly discourse its too academic,0.0
i dont have time to worry about samples just give me the result,0.0
i dont understand algorithms just give me the conclusion,0.0
i dont bother with references i just make stuff up,0.0
the project team demonstrated strong leadership skills,1.0
i dont care about neuroscience just give me the results,0.0
i dont care about industry trends they change too quickly,0.0
the project team effectively resolved conflicts as they arose,1.0
the findings contribute novel insights that challenge traditional perspectives,1.0
the project team demonstrated flexibility in adapting to technological advancements,1.0
the studys limitations are candidly discussed acknowledging inherent challenges,1.0
the research question is designed to address realworld problems faced by practitioners,1.0
in nanotechnology the development of smart materials revolutionizes various applications,1.0
i dont care about demographics just give me the data,0.0
the research question is wellaligned with the studys objectives,1.0
i dont care about emerging trends theyre too unpredictable,0.0
in the realm of paleontology the discovery of new dinosaur species captivates researchers,1.0
i dont care about internal validity its too technical,0.0
i dont care about astrobiology just give me the data,0.0
i dont need novel insights just practical solutions,0.0
i dont like consistent communication its too repetitive,0.0
the project team embraced a culture of continuous improvement,1.0
i dont see the point of objectives just give me the answer,0.0
i dont care about outliers just give me the main results,0.0
collaboration among team members was excellent,1.0
can u plz send me the notes i missed the class,0.0
i dont like change it disrupts my routine,0.0
i dont talk about limitations it makes me look bad,0.0
the project team effectively resolved conflicts as they arose,1.0
artificial intelligence is a fascinating field,1.0
i dont worry about bias its unavoidable,0.0
i dont care about correlations just give me the main findings,0.0
i dont understand variables just give me the answer,0.0
i dont care about ethics its too restrictive,0.0
the research methodology ensured participant anonymity through coded identifiers,1.0
i dont see y we need more knowledge we have enough,0.0
i dont worry about accuracy its good enough,0.0
i dont understand nanotechnology just get the job done,0.0
the survey questions were crafted to elicit unbiased responses,1.0
i dont like longitudinal approaches they take too much time,0.0
the research question guides the entire research process,1.0
the research design incorporated diverse perspectives for a comprehensive study,1.0
the limitations of renewable energy sources pose challenges for global sustainability,1.0
the findings are consistent with existing theoretical frameworks,1.0
i dont care about feedback its subjective,0.0
i dont worry about reliability its good enough,0.0
the study of dark energy in cosmology contributes to our understanding of the universes expansion,1.0
i dont like timelines they stress me out,0.0
the analysis considered potential biases introduced during participant recruitment,1.0
the project was completed ahead of schedule,1.0
in chemistry the study of nanomaterials opens avenues for advanced applications,1.0
i dont care about feedback its subjective,0.0
the research methodology considered potential confounding variables,1.0
the studys limitations are openly discussed acknowledging potential limitations,1.0
the studys limitations are openly discussed recognizing potential biases,1.0
the research methodology ensures the reliability of the study,1.0
i dont validate surveys it takes too much time,0.0
the project team maintained a transparent approach to sharing project updates,1.0
i dont care about economic factors just give me the data,0.0
the studys methodology considered potential sources of systematic bias,1.0
the analysis considered the impact of outliers on data interpretation,1.0
i dont like collaborative problemsolving its too slow,0.0
the analysis revealed statistically significant correlations,1.0
the study contributes novel insights to the field,1.0
the project team effectively communicated project timelines and milestones,1.0
i dont like artificial intelligence its too unpredictable,0.0
i collect data randomly its faster,0.0
the project team demonstrated adaptability in changing circumstances,1.0
the study explores the interplay between variables in the model,1.0
the research design ensures data reliability through consistent measurement protocols,1.0
the exploration of exoplanets in astronomy opens possibilities for finding habitable environments,1.0
the discussion section critically examines study limitations,1.0
i dont care about user feedback they dont know what they want,0.0
the project team prioritized employee engagement for a positive work environment,1.0
im too busy with other stuff i dont have time for this,0.0
the findings are consistent with existing theoretical frameworks,1.0
the project team maintained clear and concise documentation of project processes,1.0
the analysis considered the ethical implications of the research,1.0
i dont need novel insights just give me the information,0.0
i dont talk about limitations it makes me look bad,0.0
i give up easily when things get tough,0.0
the studys limitations are openly discussed acknowledging potential confounders,1.0
the project team utilized best practices in project management for efficiency,1.0
ensure that your writing is clear and concise,1.0
the project team efficiently managed project resources,1.0
i dont like continuous improvement its unnecessary,0.0
i dont validate data its a waste of time,0.0
i dont document processes its too tedious,0.0
the project team displayed creativity in problemsolving,1.0
the studys methodology minimizes the potential for sampling bias,1.0
i dont care about ethics its too restrictive,0.0
i dont worry about bias its unavoidable,0.0
the research methodology included a comprehensive literature review,1.0
the project team demonstrated a commitment to meeting project deadlines,1.0
i dont understand data types just give me the results,0.0
i dont get y this is so important,0.0
i dont like theory just give me practical solutions,0.0
i dont talk about limitations it makes me look bad,0.0
the analysis employed statistical techniques for controlling potential confounding variables,1.0
the electric car market is witnessing a surge in popularity with advanced battery technology,1.0
i dont care about g technology just get the job done,0.0
i collect data randomly its faster,0.0
the research design considered the influence of organizational culture on outcomes,1.0
the project team maintained a proactive approach to risk identification and mitigation,1.0
i dont worry about anonymity its overrated,0.0
the project team effectively communicated project milestones,1.0
the project team exhibited a high level of professionalism,1.0
i dont worry about validation procedures just give me the data,0.0
i didnt do the homework its too much work,0.0
i dont care about implications just tell me what to do,0.0
the aerospace industry is exploring biofuels as a sustainable alternative for aviation,1.0
the studys implications for practice are discussed in detail,1.0
i dont care about exoplanets just give me the data,0.0
i dont use project management tools theyre too complicated,0.0
i dont like engaging with stakeholders its timeconsuming,0.0
the analysis considered the influence of economic factors on study outcomes,1.0
i dont talk about limitations it makes me look bad,0.0
the analysis explores potential alternative interpretations,1.0
the findings provide practical implications for realworld applications,1.0
the literature review synthesizes diverse perspectives on the subject,1.0
i dont like transparent updates its too vulnerable,0.0
the project team documented all processes for transparency,1.0
i dont care about triangulation just give me the data,0.0
the discussion section critically examines study limitations,1.0
the analysis employed advanced statistical methods for accurate data interpretation,1.0
the research aligns with current trends in the industry,1.0
the research design ensures data validity through rigorous validation procedures,1.0
the research question is designed to fill gaps in existing empirical knowledge,1.0
the use of crispr technology in agriculture aims for improved crop yields and resistance,1.0
the project team demonstrated proactive problemsolving skills,1.0
the studys methodology incorporates both qualitative and quantitative approaches,1.0
the study explores the interplay between variables in the model,1.0
i dont care about measurement errors just give me the conclusion,0.0
the project team maintained a proactive approach to risk management,1.0
i dont care about participant feedback its subjective,0.0
i dont like data visualization its unnecessary,0.0
the project team effectively utilized project management tools,1.0
heres some text without proper punctuation and grammar mistakes,0.0
i dont care about organization just give me the numbers,0.0
the study contributes valuable insights to the field,1.0
the project team demonstrated attention to detail in every phase,1.0
the project team embraced a flexible approach to project timelines,1.0
i dont like communicating its a waste of time,0.0
the research methodology ensures the reliability of findings through validation,1.0
i dont get y we have to write essays,0.0
the studys limitations are transparently presented addressing potential biases,1.0
the methodology section provides a stepbystep guide to the study,1.0
i dont like dealing with risks its too stressful,0.0
i dont worry about credibility its good enough,0.0
the project team maintained a proactive approach to cybersecurity in it operations,1.0
i dont care about industry trends they change too quickly,0.0
the research question is framed to address gaps in existing knowledge,1.0
the studys methodology accounted for potential variations in participant responses,1.0
the project team documented all processes for transparency,1.0
the project team exhibited a high level of professionalism,1.0
the adoption of blockchain technology is reshaping financial systems and transactions,1.0
i dont care about mindfulness practices theyre too timeconsuming,0.0
the integration of g technology is revolutionizing communication and connectivity,1.0
the project team prioritized user feedback for product improvement,1.0
the research methodology accounted for potential variations in participant responses,1.0
the studys limitations are transparently acknowledged addressing study boundaries,1.0
the project team effectively communicated project milestones,1.0
the studys methodology ensured data validity through triangulation,1.0
the project team maintained a proactive approach to stakeholder engagement,1.0
i dont care about genetic engineering just give me the results,0.0
i dont care about data preprocessing just give me the results,0.0
the studys limitations are openly discussed addressing potential methodological flaws,1.0
i dont need to cite i wrote it myself,0.0
the research design incorporated feedback loops for iterative improvements,1.0
i dont like deadlines they stress me out,0.0
i rlly hate it when ppl use txt abbreviations,0.0
i dont need practical implications just tell me what to do,0.0
the research question is framed to address practical issues faced by industry professionals,1.0
i dont like working in teams its too much hassle,0.0
the project team prioritized the wellbeing and satisfaction of team members,1.0
the research question is clear and relevant to the field,1.0
the project team demonstrated adaptability to changes in project requirements,1.0
the findings contribute to the ongoing scholarly discourse in the field,1.0
i dont care about data collection techniques just give me the results,0.0
the presentation slides were clear and visually appealing,1.0
the project team demonstrated adaptability in changing circumstances,1.0
i dont like deadlines they stress me out,0.0
i dont care about crossfunctional training its irrelevant,0.0
the project team embraced a culture of continuous feedback and improvement,1.0
the advancements in nanomedicine contribute to more targeted and effective medical treatments,1.0
the project team embraced a design thinking approach for creative problemsolving,1.0
i dont like theory just give me what works,0.0
i dont like change it disrupts my routine,0.0
i prefer working alone teamwork is too complicated,0.0
the project team embraced a collaborative and inclusive approach,1.0
the research question is designed to address gaps in practical industry knowledge,1.0
the project team maintained a transparent and accountable decisionmaking process,1.0
the findings contribute to practical applications and problemsolving,1.0
i dont care about emerging trends theyre too unpredictable,0.0
i dont care about emerging discussions theyre too theoretical,0.0
the research question is clearly defined and researchable,1.0
i dont care about biotechnology just get the job done,0.0
the studys methodology incorporated a diverse range of data collection techniques,1.0
the studys methodology accounted for potential variations in participant response,1.0
i dont like solving problems its too much effort,0.0
i dont care about emerging discussions theyre too theoretical,0.0
the project team demonstrated effective risk management,1.0
ensure that your writing is clear and concise,1.0
the findings contribute to evidencebased healthcare practices in clinical settings,1.0
this is a wellstructured sentence,1.0
the methodology section provides a stepbystep guide to the study,1.0
i dont care about user feedback they dont know what they want,0.0
i dont document processes its too tedious,0.0
the research design minimizes the risk of internal validity threats,1.0
i dont need practical implications just give me the theory,0.0
i dont like transparent decisionmaking its too vulnerable,0.0
the analysis explores potential alternative interpretations,1.0
i dont like milestones they stress me out,0.0
in physics the exploration of dark matter and dark energy challenges our understanding,1.0
i dont see the point of professionalism its overrated,0.0
the methodology section details the steps taken in the research,1.0
i dont like change it disrupts my routine,0.0
i dont understand virtual reality just get the job done,0.0
i dont care about ethics its too restrictive,0.0
the project team maintained open communication throughout,1.0
i dont care about understanding just tell me what to do,0.0
i dont worry about encryption its overrated,0.0
the discussion section critically examines study limitations,1.0
i dont need novel insights just practical solutions,0.0
i dont need evidencebased decisions just give me the information,0.0
the field of biotechnology holds promise for breakthroughs in medicine and agriculture,1.0
i dont care about renewable energy grids just get the job done,0.0
the research design incorporated both qualitative and quantitative data,1.0
the project team demonstrated strong problemsolving skills,1.0
i give up easily when things get tough,0.0
the study contributes novel insights to the field,1.0
the research question is aligned with the studys objectives,1.0
i dont like agile approaches theyre too unpredictable,0.0
heres some text without proper punctuation and grammar mistakes,0.0
i dont like knowledgesharing sessions theyre too timeconsuming,0.0
i dont like iterative development its too slow,0.0
the research question is clearly defined and researchable,1.0
the studys methodology utilized cuttingedge technology for data collection,1.0
the project team effectively communicated project milestones,1.0
the results support the hypothesis outlined in the introduction,1.0
the project team displayed creativity in problemsolving,1.0
i dont have time to consider alternatives just tell me what to do,0.0
i dont talk about limitations it makes me look bad,0.0
the research design minimizes the risk of internal validity threats,1.0
i dont have time for stepbystep guides just tell me the answer,0.0
i dont like transparent decisionmaking its too vulnerable,0.0
i dont need novel insights just practical solutions,0.0
i dont use project management tools theyre too complicated,0.0
effective communication is essential in the workplace,1.0
i dont understand statistics just give me the answer,0.0
the studys methodology ensures participant confidentiality through encryption,1.0
i dont care about aerodynamics just give me the data,0.0
i dont need evidencebased decisions just give me the information,0.0
the project team demonstrated a commitment to meeting project deadlines,1.0
the analysis considered potential cultural biases in the interpretation of results,1.0
ill just copy from the internet nobody will notice,0.0
i prefer to follow leadership is too much responsibility,0.0
the project team prioritized clear and concise project documentation,1.0
the analysis employed statistical techniques to control for potential confounding variables,1.0
i dont care about industry knowledge just give me the solution,0.0
i dont like opendoor policies its too intrusive,0.0
i dont care about theoretical frameworks just give me the solution,0.0
i dont need practical issues just give me the solution,0.0
the studys methodology considered the potential impact of confounding variables,1.0
i dont like data visualization its unnecessary,0.0
the research aligns with current trends in the industry,1.0
the study explored the impact of mindfulness practices on workplace productivity,1.0
the findings have practical implications for realworld applications,1.0
i dont have time for stepbystep guides just tell me the answer,0.0
i dont understand statistics just give me the answer,0.0
i dont like solving problems its too much effort,0.0
the studys limitations are transparently acknowledged recognizing study boundaries,1.0
the project team exhibited adaptability in changing circumstances,1.0
i dont care about replicability just get it done,0.0
i dont talk about limitations it makes me look bad,0.0
the project team leveraged technology to streamline project processes,1.0
the project team embraced a proactive approach to quality assurance,1.0
i dont care about astrophysics just give me the results,0.0
the project team exhibited strong teamwork and collaboration,1.0
the project team maintained a positive and supportive team culture,1.0
the research methodology considered the impact of environmental factors,1.0
i dont need current challenges just give me the solution,0.0
the studys design considers ethical considerations in data collection,1.0
the project team effectively communicated project progress to stakeholders,1.0
the project team demonstrated adaptability in response to unexpected challenges,1.0
the research question is designed to address gaps in current industry practices,1.0
i dont talk about limitations it makes me look bad,0.0
the research question is designed to address realworld problems faced by practitioners,1.0
i dont see the point of relevance as long as its done,0.0
i dont care about cuttingedge technology just give me the results,0.0
i dont understand variables just give me the answer,0.0
the studys design considers ethical considerations in data collection,1.0
i dont need novel insights just practical solutions,0.0
i dont have time to think about future research im too busy,0.0
i dont like transparency its too vulnerable,0.0
the research design ensured data privacy and confidentiality,1.0
the project team embraced a humancentered design approach for product development,1.0
the analysis revealed statistically significant correlations,1.0
the findings have practical implications for realworld applications,1.0
the project team utilized best practices in project management for efficiency,1.0
i dont see the point of having objectives its unnecessary,0.0
the discussion section explores implications for future research,1.0
i dont need realworld applications just give me the theory,0.0
ill just throw some slides together it doesnt matter,0.0
the project team prioritized continuous improvement through regular retrospectives,1.0
i dont keep track of my spending its too much effort,0.0
why do we even need to learn this stuff,0.0
the project team documented all processes for transparency,1.0
the project team leveraged technology to streamline project processes,1.0
i dont have time to think about good survey questions,0.0
the findings have practical implications for realworld applications,1.0
the analysis considered potential biases introduced during data preprocessing,1.0
i dont care about bias its unavoidable,0.0
the research question is framed to address realworld problems,1.0
i dont see the point of research questions just do the work,0.0
the studys limitations are acknowledged with transparency,1.0
i dont care about team wellbeing just get the work done,0.0
i dont need current challenges just give me the solution,0.0
i dont care about confounding variables just give me the results,0.0
i dont like theory just give me what works,0.0
the data collection process was systematic and thorough,1.0
the research design incorporated a longitudinal approach for robust results,1.0
the project team effectively communicated project goals and expectations,1.0
i dont care about best practices theyre too conventional,0.0
i dont like inclusive decisionmaking its too slow,0.0
i dont like timelines they stress me out,0.0
the application of artificial intelligence in agriculture enhances precision farming techniques,1.0
im not gon na bother proofreading its a waste of time,0.0
the project team maintained a positive and collaborative team culture,1.0
i dont get statistics its too complicated,0.0
i dont see the point of research questions just do the work,0.0
the data collection process was systematic and thorough,1.0
the project team prioritized usercentered design principles in product development,1.0
the automotive industry is exploring hydrogen fuel cells as a cleaner energy alternative,1.0
the analysis employed machine learning algorithms for predictive modeling accuracy,1.0
i dont care about feedback loops theyre too repetitive,0.0
i dont have time to consider alternatives just tell me what to do,0.0
the theoretical framework provides a conceptual basis for the study,1.0
i dont like consistent communication its too repetitive,0.0
the project team demonstrated attention to detail in every phase,1.0
i dont care about participant responses just give me the data,0.0
i dont talk about limitations it makes me look bad,0.0
i dont care about feedback its subjective,0.0
i dont understand statistics just give me the answer,0.0
i dont talk about limitations it makes me look bad,0.0
the data analysis employed machine learning algorithms for predictive modeling,1.0
i dont care about cosmology just give me the results,0.0
the project team leveraged data visualization tools for effective communication,1.0
the studys limitations are openly discussed recognizing potential biases,1.0
i dont like remote work its too isolating,0.0
the project team maintained open channels for communication with stakeholders,1.0
the results are presented in a logically organized manner,1.0
the project team embraced a proactive approach to problemsolving,1.0
the project team effectively managed project resources and budget,1.0
programming skills are in high demand in the job market,1.0
the studys limitations are acknowledged in the discussion,1.0
the project team displayed creativity in problemsolving,1.0
i collect data randomly its faster,0.0
i dont like artificial intelligence its too unpredictable,0.0
i dont care about genetics just give me the results,0.0
i appreciate your assistance in this matter,1.0
i dont like retrospectives theyre too timeconsuming,0.0
the research findings are generalizable to a broader population,1.0
i dont understand statistics just give me the conclusion,0.0
the research design incorporated a longitudinal approach for robust findings,1.0
the project team embraced a collaborative and inclusive approach,1.0
i dont talk about limitations it makes me look bad,0.0
the project team effectively communicated project milestones,1.0
the project team utilized feedback to enhance the project deliverables,1.0
the data analysis utilized machine learning algorithms for accuracy,1.0
i prefer working alone teamwork is too complicated,0.0
i dont like communicating its a waste of time,0.0
the findings contribute valuable insights to niche areas within the field,1.0
the report covers all the key aspects of the research,1.0
i dont care about paleontology just give me the results,0.0
the survey questions were crafted to elicit unbiased responses,1.0
i dont talk about limitations it makes me look bad,0.0
the project team displayed creativity in problemsolving,1.0
the study contributes novel insights to the field,1.0
i dont like change it disrupts my routine,0.0
the project team maintained open communication throughout,1.0
the study of exoplanets in astrobiology contributes to the search for extraterrestrial life,1.0
the development of quantum computers poses challenges and opportunities in computing,1.0
i dont need practical implications just tell me what to do,0.0
the survey was designed to capture a representative sample,1.0
the analysis considered the impact of psychological factors on participant responses,1.0
the research methodology addresses potential threats to external validity,1.0
the project team embraced feedback as an opportunity for improvement,1.0
the project team embraced a usercentric approach in product development,1.0
i dont like communicating its a waste of time,0.0
i dont see the point of context just give me the answer,0.0
i dont like documenting processes its too tedious,0.0
the studys methodology ensures the credibility and trustworthiness of results,1.0
the evolution of artificial intelligence is reshaping various industries and workflows,1.0
my dog ate my homework can i get an extension,0.0
the studys design incorporated a diverse range of research methodologies,1.0
the project team maintained an agile mindset for adaptability to changing requirements,1.0
i didnt do the reading can u fill me in,0.0
the exploration of quantum entanglement is essential for developing quantum communication,1.0
the coding practices followed industry standards for maintainability,1.0
the research design incorporated a longitudinal approach for robust findings,1.0
i dont understand augmented reality just get the job done,0.0
i dont care about implications just tell me what to do,0.0
i dont care about emerging trends theyre too unpredictable,0.0
the project team utilized advanced modeling techniques for accurate predictions,1.0
the project team maintained a positive and supportive team culture,1.0
i dont worry about anonymity its overrated,0.0
the project team prioritized the wellbeing of team members through support initiatives,1.0
i dont validate surveys it takes too much time,0.0
the project team maintained a high level of accuracy in data entry,1.0
i dont think grammar matters in casual writing,0.0
the project team prioritized continuous improvement through regular retrospectives,1.0
i dont like technological advancements they complicate things,0.0
i dont care about quantum computers just give me the results,0.0
the research question is wellaligned with the studys objectives,1.0
the survey instrument underwent rigorous validation procedures,1.0
i prefer working alone teamwork is too complicated,0.0
i dont care about usercentered design just give me the final product,0.0
the study of neuroplasticity in neuroscience reveals the brains adaptability to change,1.0
the studys limitations are acknowledged with humility,1.0
the project team effectively managed project timelines and milestones,1.0
i dont care about academic discourse its too theoretical,0.0
i dont like changing requirements it disrupts my routine,0.0
i dont like quality assurance its too timeconsuming,0.0
the project team maintained regular knowledgesharing sessions for skill development,1.0
i dont care about best practices theyre too conventional,0.0
i dont like communicating its a waste of time,0.0
i dont care about quantum physics its too complicated,0.0
i dont care about cultural factors just give me the data,0.0
i dont care about bias its unavoidable,0.0
the project team embraced a collaborative approach to problemsolving,1.0
i dont like changing client expectations its too disruptive,0.0
i dont like dealing with risks its too stressful,0.0
the project team efficiently managed project resources,1.0
i dont like change it disrupts my routine,0.0
i dont like design thinking its too slow,0.0
i dont validate data its a waste of time,0.0
i dont care about ethics its too restrictive,0.0
the research design ensured data privacy and confidentiality,1.0
i dont manage resources its too much effort,0.0
i dont understand methodologies just get it done,0.0
the project team effectively utilized collaboration tools for remote work,1.0
the research question guides the entire research process,1.0
i dont understand statistics just give me the answer,0.0
the findings contribute to emerging discussions in the field,1.0
the project team utilized data encryption techniques to ensure participant privacy,1.0
the research question is designed to address gaps in current industry knowledge,1.0
i dont understand advanced statistics just give me the conclusion,0.0
i dont like retrospectives theyre too timeconsuming,0.0
the findings contribute valuable insights to emerging trends within the field,1.0
i dont like theory just give me practical solutions,0.0
i dont care about materials science just give me the data,0.0
the project team maintained a high level of accuracy in data entry,1.0
idk y the professor is so strict,0.0
the project team prioritized continuous improvement through regular retrospectives,1.0
i dont worry about anonymity its overrated,0.0
the advancements in d printing technology enable innovative solutions in manufacturing,1.0
the project team effectively communicated project timelines and milestones,1.0
the research findings are positioned within the context of prior research,1.0
genetic engineering holds promise for revolutionary breakthroughs in healthcare,1.0
the findings contribute to the ongoing dialogue in the academic community,1.0
i dont pay attention to details they slow me down,0.0
i write code that works who cares about maintainability,0.0
i dont like artificial intelligence its too unpredictable,0.0
i dont care about participant biases just give me the conclusion,0.0
the studys limitations are openly discussed acknowledging potential shortcomings,1.0
the discussion section critically examines study limitations,1.0
the analysis considered potential sources of bias in data collection,1.0
i dont care about emerging trends theyre too unpredictable,0.0
i dont like longitudinal approaches they take too much time,0.0
i dont like retrospectives theyre too timeconsuming,0.0
the analysis considered potential biases introduced by participant selfreporting,1.0
i didnt study for the test its fine ill guess,0.0
the results of the experiment are consistent with previous studies,1.0
im so tired of this class its so boring,0.0
the studys limitations are acknowledged with transparency,1.0
i dont like blockchain technology its too unpredictable,0.0
i dont like collaborative problemsolving its too slow,0.0
the project team effectively managed project risks,1.0
the project team prioritized continuous learning and skill development,1.0
i dont worry about external validity its too technical,0.0
i dont care about space exploration its too theoretical,0.0
i dont care about generalizability just give me the results,0.0
i dont understand machine learning just give me the results,0.0
the project team effectively utilized project management tools,1.0
the studys methodology incorporates both qualitative and quantitative approaches,1.0
the project team effectively utilized project management tools,1.0
in the world of robotics advancements in artificial intelligence enable more complex tasks,1.0
the data collection process was systematic and thorough,1.0
i dont care about employee engagement just get the work done,0.0
i dont like communicating its a waste of time,0.0
i dont care about behavioral economics just give me the results,0.0
the research design is appropriate for the study,1.0
the project team utilized feedback to enhance the project deliverables,1.0
i dont like client feedback its subjective,0.0
i dont need evidencebased practices just give me the information,0.0
i dont see the point of research questions just do the work,0.0
the analysis considered potential biases in data interpretation,1.0
the project team demonstrated resilience in overcoming challenges,1.0
the analysis considered the impact of external factors on study outcomes,1.0
i dont care about industry trends they change too quickly,0.0
i dont validate surveys it takes too much time,0.0
the research question guides the entire research process,1.0
the findings contribute to the theoretical foundation of the respective discipline,1.0
the research aligns with current trends in the industry,1.0
please submit your assignment by the deadline,1.0
the theoretical framework provides a conceptual basis for the study,1.0
i dont talk about limitations it makes me look bad,0.0
the field of neurobiology explores the intricacies of the human brain and nervous system,1.0
i dont talk about limitations it makes me look bad,0.0
the studys limitations are acknowledged with humility and openness,1.0
i dont care about implications just tell me what to do,0.0
i dont care about biases just give me the main findings,0.0
the methodology section explains the research design in detail,1.0
i can provide a detailed analysis of the topic,1.0
i avoid conflicts they stress me out,0.0
the project team leveraged cloudbased tools for efficient project collaboration,1.0
the project team demonstrated adaptability in response to client expectations,1.0
the survey questions were crafted to elicit unbiased responses,1.0
the studys limitations are acknowledged with transparency,1.0
the future of sustainable architecture lies in ecofriendly construction materials,1.0
the studys implications extend beyond the immediate research context,1.0
i dont see the point of professionalism its overrated,0.0
i dont care about niche areas just give me the general information,0.0
i dont talk about limitations it makes me look bad,0.0
i prefer working alone collaboration is too complicated,0.0
the project team demonstrated attention to detail in every phase,1.0
i dont need practical implications just tell me what to do,0.0
the research methodology considered the impact of environmental factors,1.0
i dont worry about external validity its too technical,0.0
i dont worry about privacy its overrated,0.0
the project team embraced a collaborative and inclusive approach,1.0
i dont care about team wellbeing just get the work done,0.0
i dont document processes its too tedious,0.0
the project team prioritized employee wellbeing through wellness programs,1.0
i dont care about deforestation just get the job done,0.0
the studys methodology ensures replicability by future researchers,1.0
why do we have to follow industry standards its stupid,0.0
i dont validate data its a waste of time,0.0
i dont care about evidencebased practices just give me the information,0.0
the peer review process ensures the quality of the research,1.0
i dont talk about limitations it makes me look bad,0.0
the analysis considered potential biases in selfreported data,1.0
i dont care about nanomedicine just get the job done,0.0
i dont like communicating its a waste of time,0.0
i dont care about participant biases just give me the results,0.0
i dont worry about statistical checks just give me the data,0.0
i dont care about cultural biases just give me the conclusion,0.0
i dont need practical implications just tell me what to do,0.0
i dont understand statistics can u just do the analysis for me,0.0
i dont like solving problems its too much effort,0.0
the project team effectively managed stakeholder expectations,1.0
the findings contribute novel insights that challenge existing paradigms,1.0
the results were statistically significant at the level,1.0
the project team maintained consistent and transparent communication with clients,1.0
the project team demonstrated effective risk management,1.0
i dont like trying new things its too risky,0.0
i dont care about quantum encryption just get the job done,0.0
u kno wut im saying y do i need proper grammar,0.0
the studys methodology minimizes the potential for sampling bias,1.0
i dont talk about limitations it makes me look bad,0.0
i dont care about cultural biases just give me the conclusion,0.0
the analysis includes robust statistical tests for data validation,1.0
i dont care about electric scooters just give me the data,0.0
the findings are consistent with existing theoretical frameworks,1.0
i dont like solving problems its too much effort,0.0
i dont talk about limitations it makes me look bad,0.0
the analysis employed sophisticated algorithms for data pattern recognition,1.0
i dont use project management tools theyre too complicated,0.0
i dont like timelines they stress me out,0.0
the software development process followed industry best practices,1.0
the project team maintained open lines of communication,1.0
i dont like change its too much effort,0.0
i dont worry about encryption its overrated,0.0
i dont like identifying problems its too much effort,0.0
the discussion section critically examines study limitations,1.0
please submit your assignment by the deadline,1.0
i dont care about environmental factors just give me the data,0.0
the findings contribute to emerging discussions in the field,1.0
the project team implemented ecofriendly initiatives for sustainable business,1.0
i dont like talking about limitations it makes me look bad,0.0
the studys implications for practice are discussed in detail,1.0
the exploration of renewable energy sources is crucial for addressing climate change,1.0
i dont like communicating its a waste of time,0.0
i dont care about astronomy just give me the results,0.0
i dont like iterative development its too slow,0.0
the project team maintained open lines of communication,1.0
the information is accurate and wellresearched,1.0
i dont see the point of context just give me the answer,0.0
i dont see the point of context just give me the answer,0.0
i dont like using technology its confusing,0.0
the research question is wellaligned with the studys objectives,1.0
i dont understand modeling techniques just give me the conclusion,0.0
the theoretical framework provides a solid foundation for the study,1.0
i dont care about replicability just get it done,0.0
the research aligns with current trends in the industry,1.0
the project team prioritized diversity and inclusion in hiring processes,1.0
in astronomy the study of exoplanets provides insights into potential habitable zones,1.0
the project team prioritized continuous learning through professional development,1.0
the project team fostered a culture of collaboration and knowledgesharing,1.0
the project team maintained a collaborative and opendoor communication policy,1.0
i dont care about replicability just get it done,0.0
i dont like communicating its a waste of time,0.0
the conclusion drawn from the data is valid,1.0
i dont like theory just give me what works,0.0
i rlly hate it when ppl use txt abbreviations,0.0
the rise of electric scooters is transforming urban transportation and reducing emissions,1.0
i dont worry about confidentiality its overrated,0.0
the project team prioritized clear and concise reporting in project documentation,1.0
the experimental design controlled for confounding variables,1.0
i dont use project management tools theyre too complicated,0.0
i dont document processes its too tedious,0.0
the experiment results are statistically significant,1.0
i avoid conflicts they stress me out,0.0
i dont care about diverse perspectives just give me the data,0.0
i dont care about empirical knowledge just give me the information,0.0
i dont care about best practices theyre too conventional,0.0
i dont like longitudinal approaches they take too much time,0.0
i dont have time to review other peoples work its pointless,0.0
i dont have time to explain every little step its tedious,0.0
the conclusion summarizes the key findings of the study,1.0
the project team embraced a culture of innovation for continuous improvement,1.0
i dont like motivation its temporary,0.0
the project team leveraged data visualization tools for effective communication,1.0
i dont like using technology its confusing,0.0
i dont like theory just give me what works,0.0
the research design incorporated participant feedback for iterative improvements,1.0
i dont see the point of objectives just give me the answer,0.0
the project team maintained an open feedback culture for continuous improvement,1.0
the research question is clearly defined and researchable,1.0
i dont manage resources its too much effort,0.0
i dont understand statistics just give me the conclusion,0.0
the project team demonstrated resilience in the face of unexpected challenges,1.0
the potential of crispr technology in gene editing raises ethical considerations,1.0
the professor provided constructive feedback on the paper,1.0
i dont understand statistics just give me the answer,0.0
i give up easily when things get tough,0.0
i dont care about existing knowledge just give me the new information,0.0
i dont like timelines they stress me out,0.0
the development of quantum encryption ensures secure communication in the digital age,1.0
i dont care about social media just give me the data,0.0
i dont care about multimethod approaches just give me the results,0.0
i dont understand variables just give me the answer,0.0
i dont worry about encryption its overrated,0.0
